{
  "metadata": {
    "total": 60,
    "version": "BASELINE (V1)",
    "timestamp": "2026-04-21 17:20:04",
    "versions_compared": [
      "V1",
      "V2"
    ]
  },
  "metrics": {
    "avg_score": 3.809147067924914,
    "hit_rate": 0.0,
    "agreement_rate": 0.9852469135802469
  },
  "regression": {
    "v1": {
      "score": 1.475,
      "hit_rate": 0.0,
      "judge_agreement": 0.99
    },
    "v2": {
      "score": 3.809147067924914,
      "hit_rate": 0.0,
      "judge_agreement": 0.9852469135802469
    },
    "decision": "APPROVE"
  }
}