{
  "metadata": {
    "version": "Agent_V2_Optimized",
    "total": 60,
    "timestamp": "2026-04-21 17:20:04"
  },
  "metrics": {
    "avg_score": 3.809147067924914,
    "hit_rate": 0.0,
    "mrr": 0.0,
    "agreement_rate": 0.9852469135802469,
    "avg_latency": 0.003146651666793332,
    "avg_cost": 0.0
  }
}