{
  "metadata": {
    "version": "Agent_V2_Optimized",
    "total": 60,
    "timestamp": "2026-04-21 16:29:36"
  },
  "metrics": {
    "avg_score": 3.1938882620365097,
    "hit_rate": 0.0,
    "mrr": 0.0,
    "agreement_rate": 0.9937777777777778,
    "avg_latency": 0.0017211866666608936,
    "avg_cost": 0.0
  }
}